分组,例数,基线综合评分,终点综合评分,评分变化,评分变化SD,基线ALT/ULN,终点ALT/ULN,基线AST/ULN,终点AST/ULN
治疗组,149,0.6886941656377255,0.7039434523809524,0.01495436507936508,0.24407331855458744,0.6585442928254785,0.6684027777777778,0.7188440384499721,0.7394841269841268
对照组,123,0.6527293844367015,0.6899940968122787,0.03479929161747345,0.2686602163447963,0.624390243902439,0.6607438016528926,0.681068524970964,0.7192443919716647
