指标,原始P值,调整后P值(FDR),是否显著(FDR<0.05)
胆红素,0.04609146243881625,0.26854016909233913,否
HBsAg,0.05967559313163092,0.26854016909233913,否
血小板,0.12540059564430323,0.3762017869329097,否
肝硬度值,0.21938136119318138,0.4936080626846581,否
ALP,0.38981628148200453,0.6016346696853456,否
GGT,0.4010897797902304,0.6016346696853456,否
ALT,0.5183994420657494,0.6665135683702493,否
AST,0.6049450793972923,0.6805632143219538,否
白蛋白,0.7617369476669396,0.7617369476669396,否
