指标,治疗组复常率,对照组复常率,复常率差异,OR值,Fisher P值
ALT,46.15384615384615,55.00000000000001,-8.846153846153854,0.7012987012987013,0.7282820955113841
AST,60.0,50.0,10.0,1.5,0.6913550845439389
GGT,48.148148148148145,70.0,-21.851851851851855,0.3979591836734694,0.111797667011964
