指标,治疗组复常率,对照组复常率,复常率差异,OR值,Fisher P值
ALT,46.15384615384615,66.66666666666666,-20.512820512820504,0.42857142857142855,0.2936355979177523
AST,60.0,66.66666666666666,-6.666666666666657,0.75,1.0
GGT,48.148148148148145,72.41379310344827,-24.265644955300125,0.35374149659863946,0.10004855998651799
