分层,治疗组N,对照组N,治疗组变化,治疗组SD,对照组变化,对照组SD,组间差异,t检验P值,Mann-Whitney P值,显著
全人群,120,96,-3.748333333333333,4.71628652049654,-3.5833333333333335,4.868668177701312,-0.1649999999999996,0.8021024064043705,0.038587711972489426,是
基线异常(>7.0kPa),117,96,-3.8307692307692314,4.7456597509881115,-3.5833333333333335,4.868668177701312,-0.2474358974358979,0.7093367420633245,0.019068110859208207,是
