分析类型,基线均值,基线SD,终点均值,终点SD,变化均值,变化SD,配对t检验P值,Wilcoxon P值,例数
治疗组组内,13.038333333333332,6.349779104651684,9.289999999999997,4.958625453344365,-3.748333333333333,4.716286520496544,2.1258329266456565e-14,7.853513130971547e-17,120
对照组组内,13.125252525252526,6.17406265602142,9.623232323232324,2.9457277359686103,-3.502020202020202,4.891078504620758,1.7779916808624194e-10,3.977764492454103e-17,99
组间比较,,,,,-0.24631313131313126,,0.7066064401622048,0.024919134708785314,219
