分析类型,分层,基线均值,基线SD,终点均值,终点SD,变化均值,变化SD,配对t检验P值,Wilcoxon P值,例数
治疗组组内,全人群,13.038333333333332,6.349779104651684,9.289999999999997,4.958625453344366,-3.748333333333333,4.71628652049654,2.1258329266456565e-14,7.853513130971547e-17,120
对照组组内,全人群,13.584375,6.173974717780229,10.001041666666667,3.1396779852203305,-3.5833333333333335,4.868668177701312,1.329477709892528e-10,3.9775460371677375e-17,96
组间比较,全人群,,,,,-0.1649999999999996,,0.8021024064043705,0.038587711972489426,216
