指标,分层,N,治疗组N,对照组N,非劣效界值,治疗组变化均值,对照组变化均值,差异(治疗-对照),差异SE,95%CI下限,95%CI上限,非劣效结论,优效结论,综合结论
ALT,全人群,281,140,141,10.0,0.28428571428571425,-0.475177304964539,0.7594630192502533,1.2970205647754258,-1.7826972877095812,3.3016233262100876,非劣效,未证明优效,非劣效
ALT,基线异常,33,13,20,10.0,-0.5538461538461541,-6.15,5.596153846153847,6.392215551058882,-6.932588633921563,18.124896326229255,未证明非劣效,未证明优效,结果不确定
ALT,基线正常,248,127,121,10.0,0.3700787401574803,0.4628099173553719,-0.09273117719789159,1.2634403834940595,-2.569074328846248,2.383611974450465,非劣效,未证明优效,非劣效
AST,全人群,281,140,141,8.75,0.6199285714285714,0.04964539007092199,0.5702831813576494,0.8979791282927606,-1.1897559100961612,2.3303222728114603,非劣效,未证明优效,非劣效
AST,基线异常,22,10,12,8.75,-5.321,3.0833333333333335,-8.404333333333334,4.411365668430363,-17.050610043456842,0.24194337679017686,非劣效,未证明优效,非劣效
AST,基线正常,259,130,129,8.75,1.0769230769230769,-0.23255813953488372,1.3094812164579606,0.8917665283304235,-0.43838117906966945,3.0573436119855906,非劣效,未证明优效,非劣效
