指标,非劣效界值,治疗组变化均值,对照组变化均值,差异(治疗-对照),差异SE,95%CI下限,95%CI上限,非劣效结论,优效结论,综合结论
ALT,10.0,0.28428571428571425,-0.6808510638297872,0.9651367781155015,1.3343967493688669,-1.6502808506474773,3.5805544068784805,非劣效,未证明优效,非劣效
AST,8.75,0.6199285714285714,0.19148936170212766,0.4284392097264437,0.8850569763996945,-1.3062724640169574,2.1631508834698447,非劣效,未证明优效,非劣效
