指标,治疗组复常率,对照组复常率,复常率差异,OR值,Fisher P值
ALT,60.0,55.55555555555556,4.444444444444443,1.2,1.0
AST,75.0,66.66666666666666,8.333333333333343,1.5,1.0
GGT,52.63157894736842,41.66666666666667,10.964912280701746,1.5555555555555556,0.7159871677064693
