分层,治疗组N,对照组N,治疗组变化,治疗组SD,对照组变化,对照组SD,组间差异,t检验P值,Mann-Whitney P值,显著
全人群,77,49,-3.983116883116883,4.390522166445959,-2.7795918367346935,2.1335591929758997,-1.2035250463821896,0.042174039825499485,0.02874198576531716,是
基线异常(>7.0kPa),76,48,-4.026315789473684,4.403191824757812,-2.835416666666667,2.1196637211548772,-1.190899122807017,0.0460487522287931,0.030589785720981606,是
