分析类型,分层,基线均值,基线SD,终点均值,终点SD,变化均值,变化SD,配对t检验P值,Wilcoxon P值,例数
治疗组组内,全人群,13.154545454545453,6.863740453597736,9.171428571428573,5.143055029609735,-3.983116883116883,4.390522166445959,1.3089452557523438e-11,5.2787175434238315e-12,77
对照组组内,全人群,12.15918367346939,3.213313344985395,9.379591836734694,2.7311459432379857,-2.7795918367346935,2.1335591929758997,4.7331203278215326e-12,6.41265587170231e-09,49
组间比较,全人群,,,,,-1.2035250463821896,,0.042174039825499485,0.02874198576531716,126
