分析类型,基线均值,基线SD,终点均值,终点SD,变化均值,变化SD,配对t检验P值,Wilcoxon P值,例数
治疗组组内,13.154545454545453,6.863740453597736,9.171428571428573,5.1430550296097355,-3.983116883116883,4.390522166445957,1.3089452557523436e-11,5.2787175434238315e-12,77
对照组组内,12.15918367346939,3.2133133449853943,9.379591836734694,2.7311459432379857,-2.7795918367346935,2.1335591929758992,4.7331203278215326e-12,6.412655871702309e-09,49
组间比较,,,,,-1.2035250463821896,,0.042174039825499485,0.02874198576531716,126
