指标,非劣效界值,治疗组变化均值,对照组变化均值,差异(治疗-对照),差异SE,95%CI下限,95%CI上限,非劣效结论,优效结论,综合结论
ALT,10.0,-0.989247311827957,0.41025641025641024,-1.3995037220843671,1.764466409216835,-4.857857884149364,2.0588504399806293,非劣效,未证明优效,非劣效
AST,8.75,0.946236559139785,0.5769230769230769,0.3693134822167081,1.4117917933902302,-2.397798432828143,3.1364253972615597,非劣效,未证明优效,非劣效
