指标,分层,N,治疗组N,对照组N,非劣效界值,治疗组变化均值,对照组变化均值,差异(治疗-对照),差异SE,95%CI下限,95%CI上限,非劣效结论,优效结论,综合结论
ALT,全人群,171,93,78,10.0,-0.989247311827957,0.41025641025641024,-1.3995037220843671,1.764466409216835,-4.857857884149364,2.0588504399806293,非劣效,未证明优效,非劣效
ALT,基线异常,19,10,9,10.0,-8.4,-7.111111111111111,-1.2888888888888896,5.9567992067991895,-12.9642153342153,10.38643755643752,未证明非劣效,未证明优效,结果不确定
ALT,基线正常,152,83,69,10.0,-0.0963855421686747,1.391304347826087,-1.4876898899947617,1.8017237929252876,-5.0190685241283255,2.0436887441388016,非劣效,未证明优效,非劣效
AST,全人群,171,93,78,8.75,0.946236559139785,0.5769230769230769,0.3693134822167081,1.4117917933902302,-2.397798432828143,3.1364253972615597,非劣效,未证明优效,非劣效
AST,基线异常,14,8,6,8.75,-8.375,7.833333333333333,-16.208333333333332,13.098503110285492,-41.881399429492895,9.46473276282623,未证明非劣效,未证明优效,结果不确定
AST,基线正常,157,85,72,8.75,1.8235294117647058,-0.027777777777777776,1.8513071895424835,1.079022441160168,-0.26357679513144583,3.966191174216413,非劣效,未证明优效,非劣效
