指标,非劣效界值,差异(治疗-对照),95%CI下限,95%CI上限,结论
ALT,10.0,-1.3995037220843671,-4.857857884149364,2.0588504399806293,非劣效
AST,8.75,0.3693134822167081,-2.397798432828143,3.1364253972615597,非劣效
