数据来源,指标,差异值,95%CI下限,95%CI上限,结论
原始数据,ALT,-0.958287419651056,-3.86249466371743,1.9459198244153182,非劣效
原始数据,AST,-0.550643365472911,-2.6343717819973507,1.5330850510515286,非劣效
PSM匹配,ALT,0.9651367781155015,-1.6502808506474773,3.5805544068784805,非劣效
PSM匹配,AST,0.4284392097264437,-1.3062724640169574,2.1631508834698447,非劣效
CEM匹配,ALT,-1.3995037220843671,-4.857857884149364,2.0588504399806293,非劣效
CEM匹配,AST,0.3693134822167081,-2.397798432828143,3.1364253972615597,非劣效
