指标,治疗组复常率,对照组复常率,复常率差异,OR值,Fisher P值
ALT,46.15384615384615,60.0,-13.846153846153847,0.5714285714285714,0.6801722977520528
AST,63.63636363636363,57.14285714285714,6.493506493506494,1.3125,1.0
GGT,50.0,56.25,-6.25,0.7777777777777778,0.7605700722796229
