分析类型,分层,基线均值,基线SD,终点均值,终点SD,变化均值,变化SD,配对t检验P值,Wilcoxon P值,例数
治疗组组内,全人群,13.140163934426228,6.379819161613193,9.375409836065574,4.975183230570879,-3.764754098360656,4.687823547068953,7.838878138287392e-15,3.678081321900581e-17,122
对照组组内,全人群,12.213513513513515,4.352902490161705,9.152702702702703,2.605537988933076,-3.0608108108108105,3.2894108881552637,1.3810629715880765e-11,7.106454343102482e-13,74
组间比较,全人群,,,,,-0.7039432875498455,,0.21938136119318136,0.057066687887486436,196
