指标,指标类型,治疗组例数,治疗组变化均值,治疗组变化SD,对照组例数,对照组变化均值,对照组变化SD,组间差异,t检验P值,Mann-Whitney P值,Cohen's d,统计学差异,临床意义
ALT,主要,144,0.38055555555555554,11.645277429176446,121,1.3388429752066116,12.317030025543406,-0.958287419651056,0.5183994420657494,0.2020753736999965,-0.07995148958815766,否,治疗组更优
AST,主要,144,0.7138194444444443,8.58608835744526,121,1.2644628099173554,8.649439861479777,-0.550643365472911,0.6049450793972923,0.4170146710052194,-0.06389588283465172,否,治疗组更优
GGT,次要,144,2.986111111111111,23.09087735315869,121,1.0330578512396693,14.29331655255789,1.9530532598714418,0.4010897797902304,0.5977990864989864,0.10170721169023382,否,对照组更优或无差异
ALP,次要,146,-1.7756407016124958,16.00800906264145,121,-5.652892561983471,47.24822937490211,3.877251860370975,0.38981628148200453,0.40130291600295454,0.1099150004181967,否,对照组更优或无差异
白蛋白,次要,147,-0.02299319727891158,2.45894325642329,121,0.09008264462809921,3.436408128620098,-0.1130758419070108,0.7617369476669396,0.42085866304181985,-0.037844364645909734,否,对照组更优或无差异
胆红素,次要,144,-0.15715277777777764,9.339284848797858,121,1.8661157024793384,7.073218900884854,-2.023268480257116,0.04609146243881625,0.1229936670466981,-0.24423512203793038,是,治疗组更优
