分层,治疗组N,对照组N,治疗组变化,治疗组SD,对照组变化,对照组SD,组间差异,t检验P值,Mann-Whitney P值,显著
全人群,122,74,-3.764754098360656,4.687823547068953,-3.0608108108108105,3.2894108881552637,-0.7039432875498455,0.21938136119318136,0.057066687887486436,否
基线异常(>7.0kPa),119,73,-3.846218487394959,4.715872763122475,-3.1013698630136983,3.293490766761889,-0.7448486243812606,0.2000392512424286,0.04228633738978116,是
