分析类型,基线均值,基线SD,终点均值,终点SD,变化均值,变化SD,配对t检验P值,Wilcoxon P值,例数
治疗组组内,13.140163934426228,6.379819161613195,9.375409836065574,4.975183230570877,-3.764754098360656,4.687823547068952,7.838878138287392e-15,3.678081321900581e-17,122
对照组组内,12.213513513513515,4.352902490161707,9.152702702702703,2.605537988933076,-3.0608108108108105,3.2894108881552633,1.3810629715880765e-11,7.106454343102482e-13,74
组间比较,,,,,-0.7039432875498455,,0.21938136119318138,0.057066687887486436,196
