指标,分层,N,治疗组N,对照组N,非劣效界值,治疗组变化均值,对照组变化均值,差异(治疗-对照),差异SE,95%CI下限,95%CI上限,非劣效结论,优效结论,综合结论
ALT,全人群,265,144,121,10.0,0.38055555555555554,1.3388429752066116,-0.958287419651056,1.4817383898297827,-3.86249466371743,1.9459198244153182,非劣效,未证明优效,非劣效
ALT,基线异常,23,13,10,10.0,-0.5538461538461541,-7.0,6.446153846153846,6.996024042249785,-7.266053276655732,20.158360968963425,未证明非劣效,未证明优效,结果不确定
ALT,基线正常,242,131,111,10.0,0.4732824427480916,2.09009009009009,-1.6168076473419983,1.464369302127208,-4.486971479511325,1.2533561848273291,非劣效,未证明优效,非劣效
AST,全人群,265,144,121,8.75,0.7138194444444443,1.2644628099173554,-0.550643365472911,1.0631267431247142,-2.6343717819973507,1.5330850510515286,非劣效,未证明优效,非劣效
AST,基线异常,18,11,7,8.75,-6.0190909090909095,7.571428571428571,-13.59051948051948,11.333340227080472,-35.803866325597205,8.622827364558242,非劣效,未证明优效,非劣效
AST,基线正常,247,133,114,8.75,1.2706766917293233,0.8771929824561403,0.393483709273183,0.88934388070508,-1.349630296908774,2.1365977154551397,非劣效,未证明优效,非劣效
