指标,非劣效界值,治疗组变化均值,对照组变化均值,差异(治疗-对照),差异SE,95%CI下限,95%CI上限,非劣效结论,优效结论,综合结论
ALT,10.0,0.38055555555555554,1.3388429752066116,-0.958287419651056,1.4817383898297827,-3.86249466371743,1.9459198244153182,非劣效,未证明优效,非劣效
AST,8.75,0.7138194444444443,1.2644628099173554,-0.550643365472911,1.0631267431247142,-2.6343717819973507,1.5330850510515286,非劣效,未证明优效,非劣效
